{"total_loss": 1.1068789958953857, "patch_loss": 0.0, "grobal_loss": 0.9609375, "content_loss": 14.594146728515625, "_timestamp": 1658638767, "_runtime": 10, "_step": 0, "_wandb": {"runtime": 10}}